citire_persoana,2021-04-27 13:17:53.267
citire_persoana,2021-04-27 13:17:53.277
scriere_persoana,2021-04-27 13:17:53.277
citire_persoana,2021-04-27 13:20:51.6
citire_persoana,2021-04-27 13:20:51.609
citire_persoana,2021-04-27 13:20:51.61
scriere_persoana,2021-04-27 13:20:51.61
citire_persoana,2021-04-27 18:43:02.82
citire_persoana,2021-04-27 18:43:02.835
citire_persoana,2021-04-27 18:43:02.835
citire_persoana,2021-04-27 18:43:02.835
scriere_persoana,2021-04-27 18:43:02.835
scriere_bilet,2021-04-27 18:43:02.847
citire_persoana,2021-04-27 18:44:44.841
citire_persoana,2021-04-27 18:44:44.85
citire_persoana,2021-04-27 18:44:44.85
citire_persoana,2021-04-27 18:44:44.85
citire_persoana,2021-04-27 18:44:44.851
scriere_persoana,2021-04-27 18:44:44.852
citire_persoana,2021-04-27 18:45:15.757
citire_persoana,2021-04-27 18:45:15.775
citire_persoana,2021-04-27 18:45:15.775
citire_persoana,2021-04-27 18:45:15.775
citire_persoana,2021-04-27 18:45:15.776
citire_persoana,2021-04-27 18:45:15.776
scriere_persoana,2021-04-27 18:45:15.776
citire_persoana,2021-04-27 18:48:01.377
citire_persoana,2021-04-27 18:48:01.393
citire_persoana,2021-04-27 18:48:01.393
citire_persoana,2021-04-27 18:48:01.394
citire_persoana,2021-04-27 18:48:01.394
citire_persoana,2021-04-27 18:48:01.394
citire_persoana,2021-04-27 18:48:01.394
scriere_persoana,2021-04-27 18:48:01.395
citire_persoana,2021-04-27 18:48:05.598
citire_persoana,2021-04-27 18:48:05.615
citire_persoana,2021-04-27 18:48:05.615
citire_persoana,2021-04-27 18:48:05.615
citire_persoana,2021-04-27 18:48:05.616
citire_persoana,2021-04-27 18:48:05.616
citire_persoana,2021-04-27 18:48:05.617
citire_persoana,2021-04-27 18:48:05.617
scriere_persoana,2021-04-27 18:48:05.617
citire_persoana,2021-04-27 18:48:15.172
citire_persoana,2021-04-27 18:48:15.185
citire_persoana,2021-04-27 18:48:15.185
citire_persoana,2021-04-27 18:48:15.185
citire_persoana,2021-04-27 18:48:15.186
citire_persoana,2021-04-27 18:48:15.187
citire_persoana,2021-04-27 18:48:15.187
citire_persoana,2021-04-27 18:48:15.187
citire_persoana,2021-04-27 18:48:15.187
scriere_persoana,2021-04-27 18:48:15.188
citire_persoana,2021-04-27 18:50:09.2
citire_persoana,2021-04-27 18:50:09.21
citire_persoana,2021-04-27 18:50:09.21
citire_persoana,2021-04-27 18:50:09.21
citire_persoana,2021-04-27 18:50:09.21
citire_persoana,2021-04-27 18:50:09.211
citire_persoana,2021-04-27 18:50:09.211
citire_persoana,2021-04-27 18:50:09.212
citire_persoana,2021-04-27 18:50:09.212
citire_persoana,2021-04-27 18:50:09.212
scriere_persoana,2021-04-27 18:50:09.213
citire_persoana,2021-04-27 18:50:34.311
citire_persoana,2021-04-27 18:50:34.32
citire_persoana,2021-04-27 18:50:34.32
citire_persoana,2021-04-27 18:50:34.32
citire_persoana,2021-04-27 18:50:34.32
citire_persoana,2021-04-27 18:50:34.321
citire_persoana,2021-04-27 18:50:34.321
citire_persoana,2021-04-27 18:50:34.321
citire_persoana,2021-04-27 18:50:34.321
citire_persoana,2021-04-27 18:50:34.321
citire_persoana,2021-04-27 18:50:34.322
scriere_persoana,2021-04-27 18:50:34.322
citire_persoana,2021-04-27 18:51:01.226
citire_persoana,2021-04-27 18:51:01.237
citire_persoana,2021-04-27 18:51:01.237
citire_persoana,2021-04-27 18:51:01.237
citire_persoana,2021-04-27 18:51:01.237
citire_persoana,2021-04-27 18:51:01.237
citire_persoana,2021-04-27 18:51:01.238
citire_persoana,2021-04-27 18:51:01.238
citire_persoana,2021-04-27 18:51:01.238
citire_persoana,2021-04-27 18:51:01.238
citire_persoana,2021-04-27 18:51:01.238
citire_persoana,2021-04-27 18:51:01.238
scriere_persoana,2021-04-27 18:51:01.239
scriere_bilet,2021-04-27 18:51:01.25
citire_persoana,2021-04-27 18:51:28.412
citire_persoana,2021-04-27 18:51:28.423
citire_persoana,2021-04-27 18:51:28.423
citire_persoana,2021-04-27 18:51:28.424
citire_persoana,2021-04-27 18:51:28.424
citire_persoana,2021-04-27 18:51:28.424
citire_persoana,2021-04-27 18:51:28.424
citire_persoana,2021-04-27 18:51:28.424
citire_persoana,2021-04-27 18:51:28.424
citire_persoana,2021-04-27 18:51:28.424
citire_persoana,2021-04-27 18:51:28.424
citire_persoana,2021-04-27 18:51:28.425
citire_persoana,2021-04-27 18:51:28.425
scriere_persoana,2021-04-27 18:51:28.425
scriere_bilet,2021-04-27 18:51:28.439
citire_persoana,2021-04-27 18:52:22.306
citire_persoana,2021-04-27 18:52:22.316
citire_persoana,2021-04-27 18:52:22.316
citire_persoana,2021-04-27 18:52:22.316
citire_persoana,2021-04-27 18:52:22.316
citire_persoana,2021-04-27 18:52:22.316
citire_persoana,2021-04-27 18:52:22.317
citire_persoana,2021-04-27 18:52:22.317
citire_persoana,2021-04-27 18:52:22.317
citire_persoana,2021-04-27 18:52:22.317
citire_persoana,2021-04-27 18:52:22.317
citire_persoana,2021-04-27 18:52:22.318
citire_persoana,2021-04-27 18:52:22.318
citire_persoana,2021-04-27 18:52:22.318
scriere_persoana,2021-04-27 18:52:22.318
scriere_bilet,2021-04-27 18:52:22.331
citire_persoana,2021-04-27 18:53:10.518
citire_persoana,2021-04-27 18:53:10.528
citire_persoana,2021-04-27 18:53:10.528
citire_persoana,2021-04-27 18:53:10.528
citire_persoana,2021-04-27 18:53:10.529
citire_persoana,2021-04-27 18:53:10.529
citire_persoana,2021-04-27 18:53:10.529
citire_persoana,2021-04-27 18:53:10.529
citire_persoana,2021-04-27 18:53:10.529
citire_persoana,2021-04-27 18:53:10.529
citire_persoana,2021-04-27 18:53:10.529
citire_persoana,2021-04-27 18:53:10.529
citire_persoana,2021-04-27 18:53:10.53
citire_persoana,2021-04-27 18:53:10.53
citire_persoana,2021-04-27 18:53:10.53
scriere_persoana,2021-04-27 18:53:10.53
citire_persoana,2021-04-27 18:56:01.869
citire_persoana,2021-04-27 18:56:01.879
citire_persoana,2021-04-27 18:56:01.879
citire_persoana,2021-04-27 18:56:01.879
citire_persoana,2021-04-27 18:56:01.879
citire_persoana,2021-04-27 18:56:01.879
citire_persoana,2021-04-27 18:56:01.88
citire_persoana,2021-04-27 18:56:01.88
citire_persoana,2021-04-27 18:56:01.88
citire_persoana,2021-04-27 18:56:01.88
citire_persoana,2021-04-27 18:56:01.88
citire_persoana,2021-04-27 18:56:01.88
citire_persoana,2021-04-27 18:56:01.88
citire_persoana,2021-04-27 18:56:01.88
citire_persoana,2021-04-27 18:56:01.88
citire_persoana,2021-04-27 18:56:01.881
scriere_persoana,2021-04-27 18:56:01.881
scriere_bilet,2021-04-27 18:56:01.884
citire_persoana,2021-04-27 18:56:10.112
citire_persoana,2021-04-27 18:56:10.123
citire_persoana,2021-04-27 18:56:10.124
citire_persoana,2021-04-27 18:56:10.124
citire_persoana,2021-04-27 18:56:10.124
citire_persoana,2021-04-27 18:56:10.124
citire_persoana,2021-04-27 18:56:10.124
citire_persoana,2021-04-27 18:56:10.125
citire_persoana,2021-04-27 18:56:10.125
citire_persoana,2021-04-27 18:56:10.125
citire_persoana,2021-04-27 18:56:10.125
citire_persoana,2021-04-27 18:56:10.125
citire_persoana,2021-04-27 18:56:10.125
citire_persoana,2021-04-27 18:56:10.126
citire_persoana,2021-04-27 18:56:10.126
citire_persoana,2021-04-27 18:56:10.126
citire_persoana,2021-04-27 18:56:10.126
scriere_persoana,2021-04-27 18:56:10.126
scriere_bilet,2021-04-27 18:56:10.135
citire_persoana,2021-04-27 18:58:52.099
citire_persoana,2021-04-27 18:58:52.108
citire_persoana,2021-04-27 18:58:52.108
citire_persoana,2021-04-27 18:58:52.108
citire_persoana,2021-04-27 18:58:52.109
citire_persoana,2021-04-27 18:58:52.109
citire_persoana,2021-04-27 18:58:52.109
citire_persoana,2021-04-27 18:58:52.109
citire_persoana,2021-04-27 18:58:52.109
citire_persoana,2021-04-27 18:58:52.109
citire_persoana,2021-04-27 18:58:52.109
citire_persoana,2021-04-27 18:58:52.109
citire_persoana,2021-04-27 18:58:52.11
citire_persoana,2021-04-27 18:58:52.11
citire_persoana,2021-04-27 18:58:52.11
citire_persoana,2021-04-27 18:58:52.11
citire_persoana,2021-04-27 18:58:52.11
citire_persoana,2021-04-27 18:58:52.111
scriere_persoana,2021-04-27 18:58:52.111
scriere_bilet,2021-04-27 18:58:52.113
scriere_persoana,2021-04-27 19:12:23.507
scriere_bilet,2021-04-27 19:12:23.524
scriere_eveniment,2021-04-27 19:12:23.526
scriere_persoana,2021-04-27 19:14:36.194
scriere_bilet,2021-04-27 19:14:36.211
scriere_persoana,2021-04-27 19:15:10.152
scriere_bilet,2021-04-27 19:15:10.172
scriere_eveniment,2021-04-27 19:15:10.174
citire_eveniment,2021-04-27 19:15:10.175
scriere_persoana,2021-04-27 19:16:59.456
scriere_bilet,2021-04-27 19:16:59.468
scriere_eveniment,2021-04-27 19:16:59.471
citire_eveniment,2021-04-27 19:16:59.472
citire_eveniment,2021-04-27 19:16:59.473
scriere_persoana,2021-04-27 19:18:46.514
scriere_persoana,2021-04-27 19:19:05.224
scriere_persoana,2021-04-27 19:19:21.762
scriere_bilet,2021-04-27 19:19:21.781
scriere_eveniment,2021-04-27 19:19:50.288
citire_eveniment,2021-04-27 19:19:50.289
citire_eveniment,2021-04-27 19:19:50.289
citire_eveniment,2021-04-27 19:19:50.289
scriere_persoana,2021-04-27 19:20:39.21
scriere_bilet,2021-04-27 19:20:39.224
scriere_eveniment,2021-04-27 19:20:39.229
citire_eveniment,2021-04-27 19:20:39.23
citire_eveniment,2021-04-27 19:20:39.23
citire_eveniment,2021-04-27 19:20:39.23
citire_eveniment,2021-04-27 19:20:39.23
scriere_persoana,2021-04-27 19:21:36.097
scriere_bilet,2021-04-27 19:21:36.109
citire_bilet,2021-04-27 19:21:36.11
scriere_eveniment,2021-04-27 19:21:36.113
citire_eveniment,2021-04-27 19:21:36.113
citire_eveniment,2021-04-27 19:21:36.113
citire_eveniment,2021-04-27 19:21:36.113
citire_eveniment,2021-04-27 19:21:36.114
citire_eveniment,2021-04-27 19:21:36.114
scriere_persoana,2021-04-27 19:27:46.819
scriere_bilet,2021-04-27 19:27:46.831
citire_bilet,2021-04-27 19:27:46.832
citire_bilet,2021-04-27 19:27:46.832
scriere_eveniment,2021-04-27 19:27:46.835
citire_eveniment,2021-04-27 19:27:46.836
citire_eveniment,2021-04-27 19:27:46.836
citire_eveniment,2021-04-27 19:27:46.836
citire_eveniment,2021-04-27 19:27:46.836
citire_eveniment,2021-04-27 19:27:46.836
citire_eveniment,2021-04-27 19:27:46.836
scriere_client,2021-04-27 19:27:46.839
citire_persoana,2021-04-27 19:27:46.84
scriere_persoana,2021-04-27 19:31:57.626
scriere_bilet,2021-04-27 19:31:57.639
citire_bilet,2021-04-27 19:31:57.641
citire_bilet,2021-04-27 19:31:57.641
citire_bilet,2021-04-27 19:31:57.641
scriere_eveniment,2021-04-27 19:31:57.648
citire_eveniment,2021-04-27 19:31:57.648
citire_eveniment,2021-04-27 19:31:57.649
citire_eveniment,2021-04-27 19:31:57.649
citire_eveniment,2021-04-27 19:31:57.649
citire_eveniment,2021-04-27 19:31:57.649
citire_eveniment,2021-04-27 19:31:57.649
citire_eveniment,2021-04-27 19:31:57.649
scriere_client,2021-04-27 19:31:57.652
citire_persoana,2021-04-27 19:31:57.652
citire_persoana,2021-04-27 19:31:57.652
scriere_VIP,2021-04-27 19:31:57.655
scriere_persoana,2021-04-27 19:32:55.219
scriere_bilet,2021-04-27 19:32:55.231
citire_bilet,2021-04-27 19:32:55.233
citire_bilet,2021-04-27 19:32:55.233
citire_bilet,2021-04-27 19:32:55.233
citire_bilet,2021-04-27 19:32:55.234
scriere_eveniment,2021-04-27 19:32:55.236
citire_eveniment,2021-04-27 19:32:55.237
citire_eveniment,2021-04-27 19:32:55.237
citire_eveniment,2021-04-27 19:32:55.237
citire_eveniment,2021-04-27 19:32:55.238
citire_eveniment,2021-04-27 19:32:55.238
citire_eveniment,2021-04-27 19:32:55.239
citire_eveniment,2021-04-27 19:32:55.239
citire_eveniment,2021-04-27 19:32:55.239
scriere_client,2021-04-27 19:32:55.252
citire_persoana,2021-04-27 19:32:55.252
citire_persoana,2021-04-27 19:32:55.253
citire_persoana,2021-04-27 19:32:55.253
scriere_VIP,2021-04-27 19:32:55.257
citire_VIP,2021-04-27 19:32:55.257
scriere_persoana,2021-04-27 19:37:41.354
scriere_bilet,2021-04-27 19:37:41.366
citire_bilet,2021-04-27 19:37:41.367
citire_bilet,2021-04-27 19:37:41.369
citire_bilet,2021-04-27 19:37:41.369
citire_bilet,2021-04-27 19:37:41.369
citire_bilet,2021-04-27 19:37:41.37
scriere_eveniment,2021-04-27 19:37:41.373
citire_eveniment,2021-04-27 19:37:41.376
citire_eveniment,2021-04-27 19:37:41.376
citire_eveniment,2021-04-27 19:37:41.376
citire_eveniment,2021-04-27 19:37:41.376
citire_eveniment,2021-04-27 19:37:41.376
citire_eveniment,2021-04-27 19:37:41.376
citire_eveniment,2021-04-27 19:37:41.376
citire_eveniment,2021-04-27 19:37:41.376
citire_eveniment,2021-04-27 19:37:41.376
scriere_client,2021-04-27 19:37:41.378
citire_persoana,2021-04-27 19:37:41.378
citire_persoana,2021-04-27 19:37:41.378
citire_persoana,2021-04-27 19:37:41.378
citire_persoana,2021-04-27 19:37:41.378
scriere_minor,2021-04-27 19:37:41.382
scriere_VIP,2021-04-27 19:37:41.385
citire_VIP,2021-04-27 19:37:41.386
citire_VIP,2021-04-27 19:37:41.386
scriere_persoana,2021-04-27 19:38:17.472
scriere_bilet,2021-04-27 19:38:17.487
citire_bilet,2021-04-27 19:38:17.488
citire_bilet,2021-04-27 19:38:17.489
citire_bilet,2021-04-27 19:38:17.489
citire_bilet,2021-04-27 19:38:17.489
citire_bilet,2021-04-27 19:38:17.489
citire_bilet,2021-04-27 19:38:17.49
scriere_eveniment,2021-04-27 19:38:17.493
citire_eveniment,2021-04-27 19:38:17.494
citire_eveniment,2021-04-27 19:38:17.494
citire_eveniment,2021-04-27 19:38:17.495
citire_eveniment,2021-04-27 19:38:17.495
citire_eveniment,2021-04-27 19:38:17.495
citire_eveniment,2021-04-27 19:38:17.495
citire_eveniment,2021-04-27 19:38:17.495
citire_eveniment,2021-04-27 19:38:17.495
citire_eveniment,2021-04-27 19:38:17.496
citire_eveniment,2021-04-27 19:38:17.496
scriere_client,2021-04-27 19:38:17.502
citire_persoana,2021-04-27 19:38:17.502
citire_persoana,2021-04-27 19:38:17.502
citire_persoana,2021-04-27 19:38:17.502
citire_persoana,2021-04-27 19:38:17.503
citire_persoana,2021-04-27 19:38:17.503
scriere_minor,2021-04-27 19:38:17.505
citire_persoana,2021-04-27 19:38:17.506
scriere_VIP,2021-04-27 19:38:17.509
citire_VIP,2021-04-27 19:38:17.509
citire_VIP,2021-04-27 19:38:17.51
citire_VIP,2021-04-27 19:38:17.51
scriere_persoana,2021-04-27 20:09:02.493
scriere_bilet,2021-04-27 20:09:02.506
citire_bilet,2021-04-27 20:09:02.507
citire_bilet,2021-04-27 20:09:02.507
citire_bilet,2021-04-27 20:09:02.507
citire_bilet,2021-04-27 20:09:02.508
citire_bilet,2021-04-27 20:09:02.508
citire_bilet,2021-04-27 20:09:02.508
citire_bilet,2021-04-27 20:09:02.508
scriere_eveniment,2021-04-27 20:09:02.51
citire_eveniment,2021-04-27 20:09:02.511
citire_eveniment,2021-04-27 20:09:02.511
citire_eveniment,2021-04-27 20:09:02.511
citire_eveniment,2021-04-27 20:09:02.511
citire_eveniment,2021-04-27 20:09:02.511
citire_eveniment,2021-04-27 20:09:02.511
citire_eveniment,2021-04-27 20:09:02.511
citire_eveniment,2021-04-27 20:09:02.511
citire_eveniment,2021-04-27 20:09:02.512
citire_eveniment,2021-04-27 20:09:02.512
citire_eveniment,2021-04-27 20:09:02.512
scriere_client,2021-04-27 20:09:02.514
citire_persoana,2021-04-27 20:09:02.516
citire_persoana,2021-04-27 20:09:02.517
citire_persoana,2021-04-27 20:09:02.517
citire_persoana,2021-04-27 20:09:02.517
citire_persoana,2021-04-27 20:09:02.517
citire_persoana,2021-04-27 20:09:02.517
scriere_minor,2021-04-27 20:09:02.525
citire_persoana,2021-04-27 20:09:02.525
citire_persoana,2021-04-27 20:09:02.525
scriere_VIP,2021-04-27 20:09:02.53
citire_VIP,2021-04-27 20:09:02.531
citire_VIP,2021-04-27 20:09:02.531
citire_VIP,2021-04-27 20:09:02.531
citire_VIP,2021-04-27 20:09:02.531
scriere_persoana,2021-04-27 20:09:59.823
scriere_bilet,2021-04-27 20:09:59.837
citire_bilet,2021-04-27 20:09:59.839
citire_bilet,2021-04-27 20:09:59.839
citire_bilet,2021-04-27 20:09:59.839
citire_bilet,2021-04-27 20:09:59.839
citire_bilet,2021-04-27 20:09:59.84
citire_bilet,2021-04-27 20:09:59.84
citire_bilet,2021-04-27 20:09:59.84
citire_bilet,2021-04-27 20:09:59.84
scriere_eveniment,2021-04-27 20:09:59.843
citire_eveniment,2021-04-27 20:09:59.845
citire_eveniment,2021-04-27 20:09:59.845
citire_eveniment,2021-04-27 20:09:59.845
citire_eveniment,2021-04-27 20:09:59.846
citire_eveniment,2021-04-27 20:09:59.846
citire_eveniment,2021-04-27 20:09:59.846
citire_eveniment,2021-04-27 20:09:59.846
citire_eveniment,2021-04-27 20:09:59.846
citire_eveniment,2021-04-27 20:09:59.847
citire_eveniment,2021-04-27 20:09:59.847
citire_eveniment,2021-04-27 20:09:59.847
citire_eveniment,2021-04-27 20:09:59.847
scriere_client,2021-04-27 20:09:59.85
citire_persoana,2021-04-27 20:09:59.85
citire_persoana,2021-04-27 20:09:59.851
citire_persoana,2021-04-27 20:09:59.851
citire_persoana,2021-04-27 20:09:59.852
citire_persoana,2021-04-27 20:09:59.852
citire_persoana,2021-04-27 20:09:59.852
citire_persoana,2021-04-27 20:09:59.852
scriere_minor,2021-04-27 20:09:59.856
citire_persoana,2021-04-27 20:09:59.858
citire_persoana,2021-04-27 20:09:59.858
citire_persoana,2021-04-27 20:09:59.858
scriere_VIP,2021-04-27 20:09:59.866
citire_VIP,2021-04-27 20:09:59.867
citire_VIP,2021-04-27 20:09:59.867
citire_VIP,2021-04-27 20:09:59.867
citire_VIP,2021-04-27 20:09:59.867
citire_VIP,2021-04-27 20:09:59.867
scriere_persoana,2021-04-27 20:10:41.268
scriere_bilet,2021-04-27 20:10:41.287
citire_bilet,2021-04-27 20:10:41.288
citire_bilet,2021-04-27 20:10:41.291
citire_bilet,2021-04-27 20:10:41.291
citire_bilet,2021-04-27 20:10:41.292
citire_bilet,2021-04-27 20:10:41.292
citire_bilet,2021-04-27 20:10:41.292
citire_bilet,2021-04-27 20:10:41.292
citire_bilet,2021-04-27 20:10:41.292
citire_bilet,2021-04-27 20:10:41.293
scriere_eveniment,2021-04-27 20:10:41.344
citire_eveniment,2021-04-27 20:10:41.344
citire_eveniment,2021-04-27 20:10:41.345
citire_eveniment,2021-04-27 20:10:41.345
citire_eveniment,2021-04-27 20:10:41.345
citire_eveniment,2021-04-27 20:10:41.345
citire_eveniment,2021-04-27 20:10:41.345
citire_eveniment,2021-04-27 20:10:41.346
citire_eveniment,2021-04-27 20:10:41.346
citire_eveniment,2021-04-27 20:10:41.346
citire_eveniment,2021-04-27 20:10:41.346
citire_eveniment,2021-04-27 20:10:41.346
citire_eveniment,2021-04-27 20:10:41.346
citire_eveniment,2021-04-27 20:10:41.346
scriere_client,2021-04-27 20:10:41.374
citire_persoana,2021-04-27 20:10:41.392
citire_persoana,2021-04-27 20:10:41.392
citire_persoana,2021-04-27 20:10:41.392
citire_persoana,2021-04-27 20:10:41.392
citire_persoana,2021-04-27 20:10:41.393
citire_persoana,2021-04-27 20:10:41.393
citire_persoana,2021-04-27 20:10:41.393
citire_persoana,2021-04-27 20:10:41.393
scriere_minor,2021-04-27 20:10:41.397
citire_persoana,2021-04-27 20:10:41.398
citire_persoana,2021-04-27 20:10:41.398
citire_persoana,2021-04-27 20:10:41.398
citire_persoana,2021-04-27 20:10:41.398
scriere_VIP,2021-04-27 20:10:41.423
citire_VIP,2021-04-27 20:11:03.912
citire_VIP,2021-04-27 20:11:27.241
citire_VIP,2021-04-27 20:11:27.243
citire_VIP,2021-04-27 20:11:27.244
citire_VIP,2021-04-27 20:11:27.245
citire_VIP,2021-04-27 20:11:27.246
scriere_persoana,2021-04-27 20:12:00.97
scriere_bilet,2021-04-27 20:12:00.982
citire_bilet,2021-04-27 20:12:00.984
citire_bilet,2021-04-27 20:12:00.984
citire_bilet,2021-04-27 20:12:00.985
citire_bilet,2021-04-27 20:12:00.985
citire_bilet,2021-04-27 20:12:00.985
citire_bilet,2021-04-27 20:12:00.985
citire_bilet,2021-04-27 20:12:00.985
citire_bilet,2021-04-27 20:12:00.986
citire_bilet,2021-04-27 20:12:00.986
citire_bilet,2021-04-27 20:12:00.986
scriere_eveniment,2021-04-27 20:12:00.988
citire_eveniment,2021-04-27 20:12:00.989
citire_eveniment,2021-04-27 20:12:00.989
citire_eveniment,2021-04-27 20:12:00.989
citire_eveniment,2021-04-27 20:12:00.989
citire_eveniment,2021-04-27 20:12:00.989
citire_eveniment,2021-04-27 20:12:00.989
citire_eveniment,2021-04-27 20:12:00.989
citire_eveniment,2021-04-27 20:12:00.989
citire_eveniment,2021-04-27 20:12:00.989
citire_eveniment,2021-04-27 20:12:00.99
citire_eveniment,2021-04-27 20:12:00.99
citire_eveniment,2021-04-27 20:12:00.99
citire_eveniment,2021-04-27 20:12:00.99
citire_eveniment,2021-04-27 20:12:00.99
scriere_client,2021-04-27 20:12:00.992
citire_persoana,2021-04-27 20:12:00.992
citire_persoana,2021-04-27 20:12:00.993
citire_persoana,2021-04-27 20:12:00.993
citire_persoana,2021-04-27 20:12:00.993
citire_persoana,2021-04-27 20:12:00.993
citire_persoana,2021-04-27 20:12:00.993
citire_persoana,2021-04-27 20:12:00.993
citire_persoana,2021-04-27 20:12:00.993
citire_persoana,2021-04-27 20:12:00.994
scriere_minor,2021-04-27 20:12:00.997
citire_persoana,2021-04-27 20:12:00.998
citire_persoana,2021-04-27 20:12:00.998
citire_persoana,2021-04-27 20:12:00.998
citire_persoana,2021-04-27 20:12:00.998
citire_persoana,2021-04-27 20:12:00.998
scriere_VIP,2021-04-27 20:12:01.003
citire_VIP,2021-04-27 20:12:01.005
citire_VIP,2021-04-27 20:12:01.005
citire_VIP,2021-04-27 20:12:01.005
citire_VIP,2021-04-27 20:12:01.005
citire_VIP,2021-04-27 20:12:01.005
citire_VIP,2021-04-27 20:12:01.005
citire_VIP,2021-04-27 20:12:01.005
scriere_persoana,2021-04-27 20:13:13.883
scriere_bilet,2021-04-27 20:13:13.898
citire_bilet,2021-04-27 20:13:13.9
citire_bilet,2021-04-27 20:13:13.9
citire_bilet,2021-04-27 20:13:13.901
citire_bilet,2021-04-27 20:13:13.901
citire_bilet,2021-04-27 20:13:13.902
citire_bilet,2021-04-27 20:13:13.902
citire_bilet,2021-04-27 20:13:13.902
citire_bilet,2021-04-27 20:13:13.903
citire_bilet,2021-04-27 20:13:13.903
citire_bilet,2021-04-27 20:13:13.903
citire_bilet,2021-04-27 20:13:13.903
scriere_eveniment,2021-04-27 20:13:13.905
citire_eveniment,2021-04-27 20:13:13.906
citire_eveniment,2021-04-27 20:13:13.906
citire_eveniment,2021-04-27 20:13:13.906
citire_eveniment,2021-04-27 20:13:13.906
citire_eveniment,2021-04-27 20:13:13.906
citire_eveniment,2021-04-27 20:13:13.907
citire_eveniment,2021-04-27 20:13:13.907
citire_eveniment,2021-04-27 20:13:13.907
citire_eveniment,2021-04-27 20:13:13.907
citire_eveniment,2021-04-27 20:13:13.907
citire_eveniment,2021-04-27 20:13:13.907
citire_eveniment,2021-04-27 20:13:13.907
citire_eveniment,2021-04-27 20:13:13.907
citire_eveniment,2021-04-27 20:13:13.907
citire_eveniment,2021-04-27 20:13:13.907
scriere_client,2021-04-27 20:13:13.917
citire_persoana,2021-04-27 20:13:13.918
citire_persoana,2021-04-27 20:13:13.918
citire_persoana,2021-04-27 20:13:13.919
citire_persoana,2021-04-27 20:13:13.919
citire_persoana,2021-04-27 20:13:13.919
citire_persoana,2021-04-27 20:13:13.919
citire_persoana,2021-04-27 20:13:13.919
citire_persoana,2021-04-27 20:13:13.919
citire_persoana,2021-04-27 20:13:13.92
citire_persoana,2021-04-27 20:13:13.92
scriere_minor,2021-04-27 20:13:13.923
citire_persoana,2021-04-27 20:13:13.924
citire_persoana,2021-04-27 20:13:13.924
citire_persoana,2021-04-27 20:13:13.924
citire_persoana,2021-04-27 20:13:13.924
citire_persoana,2021-04-27 20:13:13.924
citire_persoana,2021-04-27 20:13:13.924
scriere_VIP,2021-04-27 20:13:13.929
citire_VIP,2021-04-27 20:13:13.93
citire_VIP,2021-04-27 20:13:13.93
citire_VIP,2021-04-27 20:13:13.93
citire_VIP,2021-04-27 20:13:13.93
citire_VIP,2021-04-27 20:13:13.931
citire_VIP,2021-04-27 20:13:13.931
citire_VIP,2021-04-27 20:13:13.931
citire_VIP,2021-04-27 20:13:13.931
scriere_persoana,2021-04-27 21:39:34.746
scriere_bilet,2021-04-27 21:39:34.757
citire_bilet,2021-04-27 21:39:34.758
citire_bilet,2021-04-27 21:39:34.759
citire_bilet,2021-04-27 21:39:34.76
citire_bilet,2021-04-27 21:39:34.76
citire_bilet,2021-04-27 21:39:34.76
citire_bilet,2021-04-27 21:39:34.761
citire_bilet,2021-04-27 21:39:34.761
citire_bilet,2021-04-27 21:39:34.761
citire_bilet,2021-04-27 21:39:34.761
citire_bilet,2021-04-27 21:39:34.761
citire_bilet,2021-04-27 21:39:34.761
citire_bilet,2021-04-27 21:39:34.761
scriere_eveniment,2021-04-27 21:39:34.765
citire_eveniment,2021-04-27 21:39:34.765
citire_eveniment,2021-04-27 21:39:34.765
citire_eveniment,2021-04-27 21:39:34.765
citire_eveniment,2021-04-27 21:39:34.765
citire_eveniment,2021-04-27 21:39:34.766
citire_eveniment,2021-04-27 21:39:34.766
citire_eveniment,2021-04-27 21:39:34.768
citire_eveniment,2021-04-27 21:39:34.768
citire_eveniment,2021-04-27 21:39:34.768
citire_eveniment,2021-04-27 21:39:34.768
citire_eveniment,2021-04-27 21:39:34.768
citire_eveniment,2021-04-27 21:39:34.769
citire_eveniment,2021-04-27 21:39:34.769
citire_eveniment,2021-04-27 21:39:34.769
citire_eveniment,2021-04-27 21:39:34.769
citire_eveniment,2021-04-27 21:39:34.769
scriere_client,2021-04-27 21:39:34.772
citire_persoana,2021-04-27 21:39:34.772
citire_persoana,2021-04-27 21:39:34.772
citire_persoana,2021-04-27 21:39:34.772
citire_persoana,2021-04-27 21:39:34.772
citire_persoana,2021-04-27 21:39:34.774
citire_persoana,2021-04-27 21:39:34.774
citire_persoana,2021-04-27 21:39:34.775
citire_persoana,2021-04-27 21:39:34.775
citire_persoana,2021-04-27 21:39:34.775
citire_persoana,2021-04-27 21:39:34.775
citire_persoana,2021-04-27 21:39:34.775
scriere_minor,2021-04-27 21:39:34.78
citire_persoana,2021-04-27 21:39:34.781
citire_persoana,2021-04-27 21:39:34.781
citire_persoana,2021-04-27 21:39:34.781
citire_persoana,2021-04-27 21:39:34.782
citire_persoana,2021-04-27 21:39:34.782
citire_persoana,2021-04-27 21:39:34.782
citire_persoana,2021-04-27 21:39:34.782
scriere_VIP,2021-04-27 21:39:34.794
citire_VIP,2021-04-27 21:39:34.794
citire_VIP,2021-04-27 21:39:34.795
citire_VIP,2021-04-27 21:39:34.795
citire_VIP,2021-04-27 21:39:34.795
citire_VIP,2021-04-27 21:39:34.795
citire_VIP,2021-04-27 21:39:34.795
citire_VIP,2021-04-27 21:39:34.795
citire_VIP,2021-04-27 21:39:34.795
citire_VIP,2021-04-27 21:39:34.795
scriere_VIP,2021-04-27 21:39:34.796
